Day,Mahama sim,Mahama data,Mahama error,Nduta sim,Nduta data,Nduta error,Nyarugusu sim,Nyarugusu data,Nyarugusu error,Nakivale sim,Nakivale data,Nakivale error,Lusenda sim,Lusenda data,Lusenda error,Total error,refugees in camps (UNHCR),total refugees (simulation),raw UNHCR refugee count,retrofitted time,refugees in camps (simulation),refugee_debt,Total error (retrofitted)
0,0,0.0,0.0,0,0.0,0.0,0,1826,1.0,0,0.0,0.0,0,0.0,0.0,1.0,1826,1826,1826,0,0,0,1.0
1,0,760,1.0,1,10,0.9,1,3461,0.999711066166,0,185,1.0,0,0,0.0,0.9995471014492754,4416,4416,4416,0,2,0,0.4134963768115942
2,0,1521,1.0,2,21,0.904761904762,6,5097,0.998822836963,1,370,0.997297297297,0,0,0.0,0.9987159366528748,7009,7009,7009,0,9,0,0.2600941646454558
3,3,2282,0.998685363716,1,32,0.96875,16,6732,0.997623291741,4,555,0.992792792793,0,0,0.0,0.9975002603895428,9601,9601,9601,0,24,0,0.18935527549213624
4,7,3043,0.997699638515,1,43,0.976744186047,26,8367,0.996892554082,8,740,0.989189189189,0,0,0.0,0.9965554006397113,12193,12193,12193,0,42,0,0.1489379151972443
5,7,3804,0.998159831756,6,54,0.888888888889,30,10003,0.99700089973,20,925,0.978378378378,0,0,0.0,0.9957392127688354,14786,14786,14786,0,63,0,0.12369809279047748
6,14,4564,0.996932515337,10,65,0.846153846154,48,11638,0.995875579997,39,1110,0.964864864865,0,0,0.0,0.9936122460723945,17377,17377,17377,0,111,0,0.10594463946596075
7,20,5325,0.996244131455,18,76,0.763157894737,75,13273,0.994349431176,54,1295,0.958301158301,0,0,0.0,0.9916370374079824,19969,19969,19969,0,167,0,0.0922930542340628
8,29,6086,0.995234965495,31,87,0.64367816092,104,14909,0.993024347709,61,1480,0.958783783784,0,0,0.0,0.9900274798333482,22562,22562,22562,0,225,0,0.08168602074284195
9,35,6847,0.994888272236,39,98,0.602040816327,151,16544,0.990872823985,82,1665,0.950750750751,0,0,0.0,0.987795181680846,25154,25154,25154,0,307,0,0.07279160372107815
10,45,7608,0.994085173502,53,109,0.51376146789,186,18179,0.989768414104,98,1850,0.947027027027,0,0,0.0,0.9862322496936495,27746,27746,27746,0,382,0,0.06617170042528653
11,60,8368,0.992829827916,64,120,0.466666666667,237,19815,0.988039364118,126,2035,0.938083538084,0,0,0.0,0.9839475245566616,30338,30338,30338,0,487,0,0.0606170479266926
12,83,9129,0.990908095082,76,131,0.419847328244,310,21450,0.985547785548,148,2220,0.933333333333,0,0,0.0,0.9812632857576677,32930,32930,32930,0,617,0,0.05535985423625873
13,115,9890,0.988372093023,92,142,0.352112676056,380,23085,0.98353909465,169,2405,0.92972972973,0,0,0.0,0.978717414559991,35522,35522,35522,0,756,0,0.051292156973143405
14,134,10651,0.987419021688,105,153,0.313725490196,458,24721,0.981473241374,193,2590,0.925482625483,0,0,0.0,0.9766496130132494,38115,38115,38115,0,890,0,0.047225501770956316
15,163,11412,0.985716789345,140,164,0.146341463415,548,26556,0.979364362103,223,2775,0.91963963964,0,0,0.0,0.9737453247610434,40907,40907,40907,0,1074,0,0.04410003177940206
16,194,12173,0.984063090446,146,175,0.165714285714,675,28392,0.97622569738,250,2960,0.915540540541,0,0,0.0,0.9710526315789474,43700,43700,43700,0,1265,0,0.039839816933638444
17,233,12933,0.981984071754,160,186,0.139784946237,809,30228,0.973236734154,277,3145,0.911923688394,0,0,0.0,0.9681880753678053,46492,46492,46492,0,1479,0,0.03628581261292265
18,283,13694,0.979334014897,177,197,0.10152284264,957,32064,0.970153443114,316,3330,0.905105105105,0,0,0.0,0.9648371715532109,49285,49285,49285,0,1733,0,0.03337729532312062
19,318,14455,0.978000691802,189,208,0.0913461538462,1122,33899,0.966901678516,357,3515,0.898435277383,0,0,0.0,0.9618641626821821,52077,52077,52077,0.06177606177606178,1986,0,0.03093496169134167
20,371,15216,0.975617770768,207,219,0.0547945205479,1283,36075,0.964435204435,414,3700,0.888108108108,0,0,0.0,0.958793696794059,55210,55210,55210,0.17335907335907336,2275,0,0.029976453541025176
21,427,15977,0.973274081492,226,230,0.0173913043478,1457,38250,0.961908496732,458,3885,0.882110682111,0,0,0.0,0.9559836824243255,58342,58342,58342,0.2864864864864865,2568,0,0.028727160536148915
22,487,16737,0.970902790225,246,241,0.0207468879668,1665,40425,0.958812615955,503,4070,0.876412776413,0,0,0.0,0.9529712231386137,61473,61473,61473,0.41505791505791506,2901,0,0.02734533860393994
23,541,17498,0.969082180821,256,252,0.015873015873,1885,42601,0.955752212389,553,4256,0.870065789474,0,0,0.0,0.9500518519665052,64607,64607,64607,0.544015444015444,3235,0,0.025740244865107495
24,611,18259,0.966537050222,266,263,0.0114068441065,2145,44776,0.952094872253,609,4441,0.862868723261,0,0,0.0,0.946485776288401,67739,67739,67739,0.696911196911197,3631,0,0.024240098023295294
25,684,19020,0.96403785489,298,274,0.0875912408759,2366,45175,0.947625899281,661,4626,0.857111975789,0,0,0.0,0.9426731311961791,69095,69095,69095,0.8428571428571429,4009,0,0.024256458499167813
26,764,19781,0.961377079015,327,285,0.147368421053,2603,45573,0.9428828473,710,4811,0.852421533985,0,0,0.0,0.938679914833215,70450,70450,70450,0.9953667953667954,4404,0,0.024144783534421576
27,860,20541,0.958132515457,354,296,0.195945945946,2893,45971,0.937069021775,776,4996,0.844675740592,0,0,0.0,0.9336109408946577,71804,71804,71804,1.180100269957578,4883,0,0.025068241323603142
28,939,21302,0.955919631959,357,307,0.162866449511,3210,46370,0.930774207462,827,5181,0.840378305346,0,0,0.0,0.9284718425369054,73160,73160,73160,1.3536444273042807,5333,0,0.025150355385456534
29,1023,22063,0.953632778861,378,318,0.188679245283,3524,46768,0.924649332877,899,5366,0.832463660082,0,0,0.0,0.92345165402939,74515,74515,74515,1.543000385653683,5824,0,0.026182647789035764
30,1110,22824,0.951366982124,399,329,0.212765957447,3827,47166,0.918861043972,969,5551,0.825436858224,0,0,0.0,0.9187425860023725,75870,75870,75870,1.7284998071731585,6305,0,0.027178067747462765
31,1193,23585,0.949417002332,391,340,0.15,4192,47286,0.911347967686,1036,5736,0.819386331939,0,0,0.0,0.9127971200956503,76947,76947,76947,1.9240262244504436,6812,0,0.027304508297919347
32,1287,23810,0.945947081058,393,351,0.119658119658,4550,47407,0.904022612694,1098,5921,0.81455835163,0,0,0.0,0.9065157635277266,77489,77489,77489,2.123070987654321,7328,0,0.027771683722850986
33,1386,24035,0.94233409611,431,361,0.193905817175,4874,47527,0.897447766533,1169,6106,0.808548968228,0,0,0.0,0.9010624255084648,78029,78029,78029,2.328317901234568,7860,0,0.029348062899691142
34,1501,24260,0.93812860676,457,372,0.228494623656,5241,47647,0.890003567906,1231,6291,0.804323636942,0,0,0.0,0.8948708158330152,78570,78570,78570,2.5482253086419755,8430,0,0.030278732340588012
35,1612,24485,0.934163773739,476,383,0.242819843342,5622,47767,0.882303682459,1293,6476,0.800339715874,0,0,0.0,0.8885490007710685,79111,79111,79111,2.7692901234567904,9003,0,0.031019706488351808
36,1737,24710,0.929704573047,505,394,0.281725888325,6001,47887,0.874684152275,1348,6661,0.797627983786,0,0,0.0,0.8823758348817355,79652,79652,79652,2.996141975308642,9591,0,0.03181338823883895
37,1855,24935,0.9256065771,492,405,0.214814814815,6430,48008,0.866063989335,1424,6846,0.791995325738,0,0,0.0,0.8749657081577176,80194,80194,80194,3.2314814814814814,10201,0,0.03202234581140734
38,1963,25160,0.921979332273,512,416,0.230769230769,6824,48128,0.85821143617,1492,7031,0.787796899445,0,0,0.0,0.8687186474267666,80735,80735,80735,3.459104938271605,10791,0,0.03287297950083607
39,2087,25384,0.917782855342,506,427,0.185011709602,7261,48248,0.849506715304,1559,7216,0.78395232816,0,0,0.0,0.8615195324515533,81275,81275,81275,3.699074074074074,11413,0,0.03299907720701323
40,2207,25609,0.913819360381,532,438,0.214611872146,7693,48368,0.840948561032,1624,7401,0.780570193217,0,0,0.0,0.854942798474626,81816,81816,81816,3.947145061728395,12056,0,0.033819790749975556
41,2327,25834,0.909924905164,518,449,0.153674832962,8160,48514,0.831801129571,1699,7586,0.776034800949,0,0,0.0,0.847468531128995,82383,82383,82383,4.197069032009256,12704,0,0.03387834868844301
42,2464,26059,0.905445335585,516,460,0.121739130435,8619,48660,0.822872996301,1773,7771,0.771844035517,0,0,0.0,0.8401446654611212,82950,82950,82950,4.454685692248361,13372,0,0.03416515973477999
43,2588,26284,0.901537056765,517,471,0.0976645435244,9072,48806,0.814121214605,1852,7956,0.767219708396,0,0,0.0,0.8331237951554773,83517,83517,83517,4.708060161974547,14029,0,0.034639654202138485
44,2698,26509,0.898223244936,541,482,0.122406639004,9524,48953,0.805446040079,1914,8141,0.764893747697,0,0,0.0,0.826853778914194,84085,84085,84085,4.957963748553799,14677,0,0.03529761550811679
45,2818,26575,0.893960489182,555,493,0.125760649087,9969,49099,0.796961241573,1981,8225,0.75914893617,0,0,0.0,0.8198999905204285,84392,84392,84392,5.207255885758395,15323,0,0.03592757607356147
46,2950,26640,0.889264264264,513,504,0.0178571428571,10442,49245,0.787958168342,2038,8309,0.754723793477,0,0,0.0,0.8119790313820869,84698,84698,84698,5.44654573523736,15943,0,0.03505395640983258
47,3061,26706,0.885381562196,533,515,0.0349514563107,10883,49391,0.77965621267,2103,8393,0.749434052186,0,0,0.0,0.8053761543438621,85005,85005,85005,5.692396758008491,16580,0,0.03578613022763367
48,3195,26772,0.880658897355,518,526,0.0152091254753,11372,49537,0.770434220885,2182,8477,0.742597617082,0,0,0.0,0.7976017441860465,85312,85312,85312,5.95754534928599,17267,0,0.03595039384846212
49,3302,26837,0.876960912173,539,537,0.00372439478585,11848,49571,0.760989288092,2262,8545,0.735283791691,0,0,0.0,0.7900690139197567,85490,85490,85490,6.221450617283951,17951,0,0.03702187390338051
50,3430,26903,0.872504925101,566,548,0.0328467153285,12275,49605,0.75254510634,2328,8613,0.729710902125,0,0,0.0,0.7833171859132242,85669,85669,85669,6.471450617283951,18599,0,0.03798340123031668
51,3544,26968,0.868584989617,541,559,0.0322003577818,12767,49639,0.742803037934,2405,8681,0.722958184541,0,0,0.0,0.7756823185434553,85847,85847,85847,6.7253086419753085,19257,0,0.03795123883187531
52,3672,27034,0.864171043871,551,570,0.0333333333333,13241,49673,0.73343667586,2476,8748,0.716963877458,0,0,0.0,0.7682069165940134,86025,86025,86025,6.988811728395062,19940,0,0.03855855855855856
53,3835,27100,0.858487084871,556,581,0.0430292598967,13719,49707,0.724002655562,2543,8816,0.711547186933,0,0,0.0,0.7604171500162406,86204,86204,86204,7.263787119166988,20653,0,0.03922091782283885
54,3971,27165,0.853819252715,561,592,0.0523648648649,14160,50271,0.718326669452,2608,8884,0.706438541198,0,0,0.0,0.7549245213549337,86912,86912,86912,7.513305052063247,21300,0,0.04014405375552283
55,4097,27378,0.850354299072,536,603,0.111111111111,14658,50834,0.711649683283,2682,8952,0.700402144772,0,0,0.0,0.7496439436234575,87767,87767,87767,7.772849980717316,21973,0,0.041382296307268106
56,4221,27591,0.847015331086,543,614,0.115635179153,15123,51398,0.705766761353,2749,8984,0.694011576135,0,0,0.0,0.7444771806246966,88587,88587,88587,8.028549382716049,22636,0,0.04260218767990789
57,4358,27804,0.843259962595,525,625,0.16,15598,51961,0.69981332153,2805,9016,0.688886424135,0,0,0.0,0.7395476813636669,89406,89406,89406,8.279320987654321,23286,0,0.04340871977272219
58,4488,28016,0.839805825243,530,636,0.166666666667,16093,52624,0.694188963211,2865,9049,0.683390429882,0,0,0.0,0.734558538610573,90325,90325,90325,8.545524691358025,23976,0,0.044572377525601996
59,4623,28229,0.836232243438,580,647,0.103554868624,16562,53287,0.689192485972,2947,9081,0.675476269133,0,0,0.0,0.7291657533646048,91244,91244,91244,8.829475308641975,24712,0,0.0459098680461181
60,4759,28498,0.83300582497,576,658,0.12462006079,17046,53950,0.684040778499,3014,9113,0.669263689235,0,0,0.0,0.7246229085112612,92219,92219,92219,9.092978395061728,25395,0,0.04682332274260185
61,4895,28767,0.829839746932,588,669,0.121076233184,17529,54112,0.676060762862,3099,9145,0.661126298524,0,0,0.0,0.7183066682489508,92693,92693,92693,9.369212962962964,26111,0,0.04818055300831778
62,5055,28921,0.825213512672,577,680,0.151470588235,18047,54274,0.667483509599,3164,9176,0.65518744551,0,0,0.0,0.71152378803022,93051,93051,93051,9.65162037037037,26843,0,0.04917733286047436
63,5197,28951,0.820489793099,568,691,0.178002894356,18558,54436,0.659085899037,3229,9208,0.649326672459,0,0,0.0,0.7046502154664152,93286,93286,93286,9.925154320987655,27552,0,0.050468451857727845
64,5325,28982,0.816265268097,531,702,0.24358974359,19068,54598,0.650756437965,3298,9240,0.643073593074,0,0,0.0,0.6982314321763863,93522,93522,93522,10.183641975308642,28222,0,0.05179529950172152
65,5450,29013,0.812153172716,520,713,0.270687237027,19581,54760,0.64242147553,3360,9271,0.637579549132,0,0,0.0,0.6916390242861866,93757,93757,93757,10.44945987654321,28911,0,0.05332935140842817
66,5577,29071,0.808159334044,549,723,0.240663900415,20049,54922,0.634955027129,3415,9303,0.632914113727,0,0,0.0,0.6852763803061084,94019,94019,94019,10.71141975308642,29590,0,0.05470170922898563
67,5716,29130,0.803776175764,544,734,0.258855585831,20545,55084,0.62702418125,3507,9334,0.624276837369,0,0,0.0,0.6784964256167667,94282,94282,94282,10.989969135802468,30312,0,0.056108270931885196
68,5847,29225,0.799931565441,555,745,0.255033557047,21053,55246,0.618922636933,3576,9366,0.618193465727,0,0,0.0,0.6719143177348755,94582,94582,94582,11.26736111111111,31031,0,0.05762195766636358
69,5980,29320,0.796043656207,547,756,0.276455026455,21541,55408,0.611229425354,3643,9397,0.612323081835,0,0,0.0,0.6657813471611809,94881,94881,94881,11.529706790123457,31711,0,0.058831589043117166
70,6128,29369,0.79134461507,571,767,0.2555410691,22067,55995,0.605911242075,3711,9465,0.607923930269,0,0,0.0,0.6602682120590819,95596,95596,95596,11.825231481481481,32477,0,0.06000251056529562
71,6256,29418,0.78734108369,547,778,0.296915167095,22577,56581,0.600979127269,3754,9532,0.606168694922,0,0,0.0,0.6559615404583164,96309,96309,96309,12.078703703703704,33134,0,0.06089773541413575
72,6381,29468,0.783460024433,533,789,0.324461343473,23031,57167,0.597127713541,3899,9599,0.593811855402,0,0,0.0,0.6511754944703834,97023,97023,97023,12.352623456790123,33844,0,0.062181132308833986
73,6517,29517,0.779211979537,540,800,0.325,23551,58618,0.59822921287,4033,9666,0.582764328574,0,0,0.0,0.6486749627285727,98601,98601,98601,12.660108024691358,34641,0,0.06316365959777284
74,6660,29566,0.774741256849,519,811,0.360049321825,24064,59288,0.594116853326,4178,9734,0.570782823094,0,0,0.0,0.6436483264419159,99399,99399,99399,12.961033950617283,35421,0,0.06437690520025352
75,6793,29615,0.770622995104,513,822,0.375912408759,24544,61159,0.59868539381,4315,9801,0.559738802163,0,0,0.0,0.6433326429776028,101397,101397,101397,13.247975318164288,36165,0,0.06480467863940748
76,6937,29665,0.766155401989,527,833,0.367346938776,25010,63134,0.603858459784,4423,9868,0.551783542764,0,0,0.0,0.6435072463768116,103500,103500,103500,13.530273814114924,36897,0,0.0648599033816425
77,7090,29714,0.761391936461,515,844,0.38981042654,25527,63211,0.596162060401,4571,9935,0.539909411173,0,0,0.0,0.6364363958960118,103704,103704,103704,13.841110682607018,37703,0,0.06634266759237831
78,7216,29763,0.757551322111,507,855,0.40701754386,26021,63288,0.588847806851,4697,10002,0.530393921216,0,0,0.0,0.6300477345343958,103908,103908,103908,14.116762177650429,38441,0,0.0678292335527582
79,7380,29812,0.752448678385,526,866,0.392609699769,26526,63365,0.581377732187,4860,10070,0.517378351539,0,0,0.0,0.6226023647383132,104113,104113,104113,14.421561604584527,39292,0,0.06899234485606985
80,7532,29862,0.747773089545,561,877,0.360319270239,27049,63442,0.57364206677,4989,10137,0.50784255697,0,0,0.0,0.6153012902854733,104318,104318,104318,14.722063037249283,40131,0,0.07032343411491784
81,7696,30137,0.744632843349,553,888,0.377252252252,27616,63519,0.565232450133,5107,10204,0.49950999608,0,0,0.0,0.6088517203192424,104748,104748,104748,15.02327246688149,40972,0,0.07128537060373467
82,7863,30191,0.739558146467,539,899,0.400444938821,28161,65423,0.569555049447,5228,10271,0.490994060948,0,0,0.0,0.6086398711417441,106784,106784,106784,15.316505549588257,41791,0,0.07097505244231346
83,8028,30244,0.734558920778,585,910,0.357142857143,28658,67326,0.57433977958,5355,10338,0.482008125363,0,0,0.0,0.6082817180981087,108818,108818,108818,15.61546723952739,42626,0,0.07079711077211491
84,8205,30298,0.729190045548,595,921,0.353963083605,29195,67723,0.568905689352,5482,10344,0.470030935808,0,0,0.0,0.602172281902531,109286,109286,109286,15.92015753669889,43477,0,0.07150046666544663
85,8375,30352,0.724070901423,638,932,0.315450643777,29754,68119,0.563205566729,5614,10350,0.457584541063,0,0,0.0,0.5956283655116489,109753,109753,109753,16.2439111747851,44381,0,0.07258115951272402
86,8572,30406,0.718081957508,629,943,0.332979851538,30364,68515,0.556826972196,5732,10356,0.446504441869,0,0,0.0,0.5890310288513881,110220,110220,110220,16.571991404011463,45297,0,0.07323534748684449
87,8740,30459,0.713056896155,624,954,0.345911949686,30897,70278,0.560360283446,5853,10362,0.435147654893,0,0,0.0,0.5884626025184511,112053,112053,112053,16.86461318051576,46114,0,0.07301009343792669
88,8934,30513,0.70720676433,688,965,0.287046632124,31475,70923,0.556208846213,5968,10368,0.424382716049,0,0,0.0,0.5826423928561928,112769,112769,112769,17.20515574650913,47065,0,0.0736993322632993
89,9096,30567,0.702424182942,663,976,0.320696721311,32063,71568,0.551992510619,6090,10374,0.412955465587,0,0,0.0,0.5778120456447988,113485,113485,113485,17.50841389187254,47912,0,0.07444155615279552
90,9294,30597,0.696244729875,665,987,0.326241134752,32641,72213,0.547989974104,6210,10380,0.401734104046,299,0,0.0,0.5751245872636346,114177,114177,114177,17.936985320443966,49109,0,0.07623251618101719
91,9493,30627,0.690044731773,668,998,0.330661322645,33213,72384,0.541155503979,6323,10389,0.39137549331,580,38,14.2631578947,0.5701265336083051,114436,114436,114436,18.355300859598852,50277,0,0.07813974623370268
92,9696,30657,0.683726392015,674,1009,0.332011892963,33777,72556,0.534469926677,6450,10398,0.379688401616,831,77,9.79220779221,0.5647662972876362,114697,114697,114697,18.767550143266476,51428,0,0.07989746898349565
93,9887,30688,0.677821949948,668,1020,0.345098039216,34339,72852,0.528647120189,6570,10407,0.36869414817,1068,116,8.20689655172,0.5600740335236307,115083,115083,115083,19.145228215767634,52532,0,0.08129784590252252
94,10083,30718,0.671755973696,660,1031,0.359844810863,34958,73149,0.522098729989,6702,10416,0.356566820276,1308,155,7.43870967742,0.5548155782071379,115469,115469,115469,19.5215448451963,53711,0,0.08390996717733765
95,10267,30748,0.666092103551,616,1042,0.408829174664,35537,73250,0.514853242321,6807,10425,0.347050359712,1492,155,8.62580645161,0.549861615637433,115620,115620,115620,19.843281200127674,54719,0,0.08695727382805743
96,10423,30778,0.661349015531,654,1053,0.378917378917,36123,73351,0.507532276315,6918,10435,0.337038811691,1697,155,9.94838709677,0.5445271741008189,115772,115772,115772,20.19316730523627,55815,0,0.09176657568323947
97,10596,30808,0.656063360166,650,1064,0.389097744361,36739,73429,0.49966634436,7024,10435,0.326880689986,1873,155,11.0838709677,0.5388252754743682,115891,115891,115891,20.5338441890166,56882,0,0.09531369994218705
98,10787,30839,0.650215636045,641,1075,0.403720930233,37359,73508,0.491769603308,7135,10435,0.316243411596,2022,155,12.0451612903,0.5327207530255491,116012,116012,116012,20.872924648786718,57944,0,0.09840361341930146
99,10995,30869,0.643817422009,642,1085,0.408294930876,37949,73586,0.484290490039,7243,10435,0.305893627216,2172,155,13.0129032258,0.5266769999138896,116130,116130,116130,21.21047588629831,59001,0,0.10162748643761302
100,11171,30899,0.638467264313,652,1096,0.405109489051,38568,73664,0.476433536056,7326,10435,0.297939626258,2321,155,13.9741935484,0.520804480038538,116249,116249,116249,21.541679974449057,60038,0,0.10456003922614387
101,11328,31983,0.645811837539,933,1107,0.157181571816,38925,73743,0.472153289126,7412,10435,0.289698131289,2593,155,15.7290322581,0.5204091191674545,117423,117423,117423,21.909932928776747,61191,0,0.11318055236197337
102,11520,32248,0.642768543786,1241,1118,0.110017889088,39214,73956,0.469765806696,7516,10435,0.279731672257,2787,155,16.9806451613,0.5185562114119004,117912,117912,117912,22.256860242501595,62278,0,0.12182814302191465
103,11712,32331,0.637747053911,1544,1129,0.367581930912,39541,74169,0.466879693673,7594,10435,0.272256827983,2945,155,18.0,0.5184699582977356,118219,118219,118219,22.594447989789405,63336,0,0.12952232720628665
104,11873,32875,0.638844106464,1806,1140,0.584210526316,39829,74383,0.464541629136,7698,10435,0.262290368951,3172,155,19.464516129,0.5208592463105524,118988,118988,118988,22.926930440331844,64378,0,0.13754328167546306
105,12058,33412,0.639111696397,2085,1151,0.811468288445,40146,74554,0.461517826005,7795,10435,0.252994729276,3399,155,20.9290322581,0.5227764458218818,119707,119707,119707,23.279693486590038,65483,0,0.14563058133609563
106,12235,33949,0.639606468526,2316,1162,0.993115318417,40449,74724,0.458687971736,7878,10435,0.245040728318,3637,155,22.464516129,0.5246585011417895,120425,120425,120425,23.60919540229885,66515,0,0.15286692962424744
107,12413,34486,0.640056834658,2583,1173,1.20204603581,40766,74895,0.455691301155,7979,10435,0.235361763297,3871,155,23.9741935484,0.5265139008122565,121144,121144,121144,23.959450830140486,67612,0,0.16075909661229612
108,12595,35116,0.641331586741,2846,1184,1.40371621622,41073,75066,0.45284149948,8075,10435,0.226161954959,4135,155,25.6774193548,0.5290104627898586,121956,121956,121956,24.726401179941004,68724,0,0.16743743645249107
109,12762,35629,0.64180863903,3158,1195,1.64267782427,41396,75247,0.449865110901,8156,10435,0.218399616675,4367,155,27.1741935484,0.5313180228434465,122661,122661,122661,25.54907749077491,69839,0,0.17403249606639437
110,12925,36141,0.642372928253,3396,1206,1.81592039801,41684,75429,0.44737435204,8250,10432,0.209164110429,4582,155,28.5612903226,0.5330609664161864,123363,123363,123363,26.285819793205317,70837,0,0.1795676175190292
111,13107,37017,0.645919442418,3661,1217,2.00821692687,41950,75611,0.445186546931,8329,10430,0.201438159156,4857,155,30.335483871,0.5369926866511292,124430,124430,124430,27.073746312684367,71904,0,0.1855179619062927
112,13255,37697,0.648380507733,3928,1228,2.1986970684,42240,75792,0.442685243825,8404,10428,0.194092827004,5112,155,31.9806451613,0.5401037509976058,125300,125300,125300,27.837020648967552,72939,0,0.1913487629688747
113,13416,38376,0.650406504065,4150,1239,2.34947538337,42540,75974,0.440071603443,8496,10426,0.185114137733,5378,155,33.6967741935,0.5425854006499168,126170,126170,126170,28.605166051660518,73980,0,0.19684552587778395
114,13568,39056,0.652601392872,4378,1250,2.5024,42808,76155,0.437883264395,8599,10424,0.175076745971,5660,155,35.5161290323,0.5454423803526448,127040,127040,127040,29.367527675276754,75013,0,0.20278652392947102
115,13725,39489,0.652434855276,4648,1261,2.68596352102,43109,77172,0.441390659825,8700,10422,0.165227403569,5981,155,37.5870967742,0.5506813282593639,128499,128499,128499,30.27205199628598,76163,0,0.20849967704028824
116,13881,40491,0.657183077721,4884,1272,2.83962264151,43403,77873,0.442643791815,8788,10420,0.156621880998,6396,155,40.264516129,0.5572877867461274,130211,130211,130211,31.747232472324722,77352,0,0.21266252467149474
117,14034,41470,0.661586689173,5142,1283,3.00779423227,43740,78304,0.441407846342,8880,10441,0.149506752227,6795,155,42.8387096774,0.5625394028240907,131653,131653,131653,34.03881700554528,78591,0,0.2148982552619386
118,14189,41565,0.658631059786,5410,1294,3.18083462133,44043,78661,0.440091023506,8965,10462,0.143089275473,7085,155,44.7096774194,0.5640887866381105,132137,132137,132137,36.07380073800738,79692,0,0.21780424862074968
119,14320,41660,0.6562650024,5656,1305,3.33409961686,44297,79036,0.439533883294,9053,10483,0.136411332634,7323,155,46.2451612903,0.5656556518067838,132639,132639,132639,37.84103512014787,80649,0,0.22038012952449884
120,14441,41754,0.65414092063,5874,1316,3.46352583587,44578,79444,0.438875182519,9138,10504,0.130045696877,7559,155,47.7677419355,0.5669842986190895,133173,133173,133173,39.5822550831793,81590,0,0.22247002019928966
121,14576,41849,0.651700160099,6118,1327,3.61039939714,44916,79851,0.437502348123,9212,10525,0.124750593824,7814,155,49.4129032258,0.5681901471127166,133707,133707,133707,41.44620811287478,82636,0,0.22470027747238364
122,14703,41944,0.649461186344,6363,1338,3.75560538117,45188,80259,0.436972800558,9301,10546,0.118054238574,8035,155,50.8387096774,0.5695832898794714,134242,134242,134242,43.12852112676056,83590,0,0.2271494763188868
123,14873,42038,0.646201056187,6592,1349,3.88658265382,45484,80268,0.433348283251,9378,10567,0.112520109776,8200,155,51.9032258065,0.5687431628924593,134377,134377,134377,45.44117647058823,84527,0,0.22935472588314965
124,15020,42133,0.643509837894,6810,1360,4.00735294118,45763,80504,0.431543774222,9456,10588,0.106913486966,8373,155,53.0193548387,0.5689030725842363,134740,134740,134740,48.61797752808989,85422,0,0.23136410865370344
125,15174,42228,0.640664961637,7040,1371,4.13493800146,46056,80741,0.429583482989,9533,10610,0.10150801131,8560,155,54.2258064516,0.5691129121794161,135105,135105,135105,53.22457627118644,86363,0,0.23268568890862662
126,15331,42322,0.6377534143,7277,1382,4.26555716353,46340,80977,0.42773874063,9605,10618,0.0954040308909,8741,155,55.3935483871,0.5693593397020391,135454,135454,135454,54.446783625730994,87294,0,0.23788887740487547
127,15458,42417,0.635570643846,7475,1393,4.36611629576,46632,81214,0.425813283424,9674,10626,0.0895915678524,8887,155,56.335483871,0.5692500276131217,135805,135805,135805,55.43780487804878,88126,0,0.24243584551378816
128,15601,42512,0.633021264584,7704,1404,4.48717948718,46926,81450,0.423867403315,9738,10634,0.0842580402483,9062,155,57.464516129,0.5694833094634791,136155,136155,136155,56.54212454212454,89031,0,0.247982079247916
129,15754,42606,0.630239872318,7901,1415,4.58374558304,47207,81651,0.421844190518,9806,10642,0.0785566622815,9217,155,58.464516129,0.5692135210194257,136469,136469,136469,57.521218715995644,89885,0,0.2529658750338905
130,15876,42708,0.628266366957,8121,1426,4.69495091164,47489,81853,0.419825785249,9881,10650,0.07220657277,9358,155,59.3741935484,0.5692072635826656,136792,136792,136792,58.43525571273123,90725,0,0.2581583718346102
131,16006,42810,0.6261153936,8376,1436,4.83286908078,47710,82099,0.418872337056,9949,10658,0.0665227997748,9520,155,60.4193548387,0.5701964158124208,137158,137158,137158,59.3251282051282,91561,0,0.2639875180448825
132,16148,42842,0.623080154988,8597,1447,4.94125777471,48002,82317,0.41686407425,10021,10666,0.0604725295331,9650,155,61.2580645161,0.5697497580533665,137427,137427,137427,60.41983122362869,92418,0,0.268935507578569
133,16294,42875,0.619965014577,8797,1458,5.03360768176,48273,82374,0.413977711414,10104,10674,0.053400786959,9762,155,61.9806451613,0.5685638669148441,137536,137536,137536,62.761702127659575,93230,0,0.27301942764076315
134,16453,42908,0.616551691992,9013,1469,5.13546630361,48512,82431,0.411483543812,10185,10682,0.0465268676278,9869,155,62.6709677419,0.5676123360819499,137645,137645,137645,66.04942965779468,94032,0,0.276639180500563
135,16591,42941,0.613632658764,9255,1480,5.25337837838,48776,82488,0.408689748812,10249,10690,0.0412535079514,9966,155,63.2967741935,0.5668728312789465,137754,137754,137754,68.85284280936455,94837,0,0.2805435776819548
136,16720,42989,0.611063295262,9472,1491,5.35278336687,49061,82876,0.408019209421,10324,10698,0.0349598055711,10097,155,64.1419354839,0.5671193627043102,138209,138209,138209,70.10939691444601,95674,0,0.2843809013884769
137,16848,43013,0.608304466092,9680,1502,5.44474034621,49334,83263,0.407491923183,10406,10706,0.0280216700915,10220,155,64.935483871,0.5672069186881037,138639,138639,138639,71.25070028011204,96488,0,0.28818009362444913
138,16983,43051,0.60551438991,9867,1513,5.52148050231,49616,83349,0.404719912656,10471,10734,0.0245015837526,10323,155,65.6,0.5661733980778375,138802,138802,138802,72.15019011406844,97260,0,0.291941038313569
139,17108,43089,0.602961312632,10071,1524,5.60826771654,49869,83435,0.402301192545,10545,10763,0.0202545758617,10436,155,66.3290322581,0.5655556035289208,138966,138966,138966,72.63751584283904,98029,0,0.29667688499345163
140,17250,43126,0.600009275147,10265,1535,5.68729641694,50151,83776,0.401367933537,10616,10792,0.0163083765752,10569,155,67.1870967742,0.5654953222751535,139384,139384,139384,73.31328320802005,98851,0,0.3007375308500258
141,17371,43164,0.59755815031,10487,1546,5.78331177232,50424,84191,0.401076124526,10697,10820,0.0113678373383,10703,155,68.0516129032,0.5660156138293917,139876,139876,139876,74.14164164164164,99682,0,0.30499871314592925
142,17487,43202,0.595227072821,10690,1557,5.86576750161,50695,84607,0.400817899228,10761,10849,0.0081113466679,10855,155,69.0322580645,0.5667022868134217,140370,140370,140370,74.54504504504504,100488,0,0.3094535869487782
143,17622,43239,0.59245125928,10917,1568,5.96237244898,50932,85022,0.400955046929,10821,10878,0.00523993381136,11012,155,70.0451612903,0.5677187602050233,140862,140862,140862,74.95345345345345,101304,0,0.31421533131717566
144,17712,43278,0.590738943574,11127,1579,6.0468651045,51174,85437,0.401032339619,10883,10907,0.0022004217475,11164,155,71.0258064516,0.5688474489940293,141356,141356,141356,75.31526390870185,102060,0,0.31872011092560626
145,17835,43317,0.588267885588,11339,1590,6.13144654088,51387,85852,0.401446675674,10945,10929,0.00146399487602,11311,155,71.9741935484,0.5701233053446416,141843,141843,141843,75.6752258678079,102817,0,0.3231671636950713
146,17961,43356,0.585732078605,11496,1601,6.18051217989,51609,86267,0.401752698019,11023,10952,0.00648283418554,11446,155,72.8451612903,0.5712740021499182,142331,142331,142331,76.17156862745098,103535,0,0.32671027393891705
147,18091,43390,0.583060613044,11662,1612,6.23449131514,51835,86682,0.402009644448,11068,10974,0.00856570074722,11608,155,73.8903225806,0.5723778647602109,142813,142813,142813,79.73658536585366,104264,0,0.3269310216857009
148,18206,43424,0.580738761975,11806,1623,6.2741836106,52098,87098,0.401846196239,11135,10997,0.0125488769664,11749,155,74.8,0.5731662212049101,143297,143297,143297,81.12082514734774,104994,0,0.3292253152543319
149,18323,43458,0.578374522527,12009,1634,6.34944920441,52329,87513,0.402043125021,11193,11019,0.0157909066158,11911,155,75.8451612903,0.5746597208215386,143779,143779,143779,81.49950884086444,105765,0,0.333595309468003
150,18405,43492,0.576818725283,12213,1645,6.42431610942,52568,87928,0.402147211355,11249,11042,0.0187466038761,12076,155,76.9096774194,0.5763333379545549,144262,144262,144262,81.86591355599214,106511,0,0.33796841857176524
151,18501,43593,0.575596999518,12409,1656,6.49335748792,52797,88343,0.402363514936,11318,11064,0.0229573391179,12243,155,77.9870967742,0.5782226488319258,144811,144811,144811,82.23795476892822,107268,0,0.3422530056418366
152,18613,43593,0.573027779689,12599,1667,6.55788842232,53011,88758,0.402746794655,11373,11087,0.0257959772707,12398,155,78.9870967742,0.5795676717609803,145260,145260,145260,82.59488692232055,107994,0,0.3463238331268071
153,18724,43593,0.570481499323,12789,1678,6.62157330155,53253,89173,0.402812510513,11421,11110,0.0279927992799,12592,488,24.8032786885,0.5773339176401309,146042,146042,146042,82.98082595870207,108779,0,0.3499746648224483
154,18837,43593,0.567889340032,12975,1689,6.68206039076,53425,89874,0.405556668224,11484,11149,0.0300475378958,12815,822,14.5900243309,0.5765019337035351,147127,147127,147127,84.53533190578159,109536,0,0.35342935015326893
155,18934,43593,0.565664212144,13149,1700,6.73470588235,53630,90243,0.405715678778,11546,11189,0.0319063365806,13023,1156,10.2655709343,0.5744145630608395,147881,147881,147881,86.03382433169668,110282,0,0.35729404047849284
156,19029,43593,0.563484963182,13304,1711,6.7755698422,53869,90612,0.405498168013,11601,11229,0.0331285065456,13272,1490,7.90738255034,0.5722339960305446,148635,148635,148635,86.46644844517185,111075,0,0.36155683385474485
157,19141,43786,0.562851139634,13471,1722,6.82288037166,54078,90981,0.405612160781,11656,11269,0.0343420001775,13515,1824,6.40953947368,0.5707571766656416,149582,149582,149582,86.89525368248772,111861,0,0.36538487251139845
158,19242,43879,0.561475876843,13643,1733,6.87247547605,54279,91215,0.404933399112,11709,11309,0.0353700592448,13736,2158,5.36515291937,0.5686254940316978,150294,150294,150294,87.77653631284916,112609,0,0.36939598387161166
159,19346,43973,0.560048211402,13834,1744,6.93233944954,54485,91449,0.404203435795,11778,11325,0.04,13940,2492,4.59390048154,0.5668320274467986,150983,150983,150983,88.85754189944134,113383,0,0.37361159865680243
160,19454,44067,0.558535865841,13994,1755,6.97378917379,54679,91683,0.403608084378,11847,11342,0.0445247751719,14150,2826,4.00707714084,0.564932453370079,151673,151673,151673,89.92341040462428,114124,0,0.3774567655416587
161,19575,44161,0.556735581169,14164,1831,6.73566357182,54894,91917,0.402787297236,11904,11359,0.0479795756669,14361,3160,3.54462025316,0.5621539349725773,152428,152428,152428,92.52072538860104,114898,0,0.3793856771721731
162,19680,44255,0.555304485369,14320,3345,3.28101644245,55088,91917,0.400676697455,11955,11376,0.0508966244726,14737,3494,3.21780194619,0.5453891843225142,154387,154387,154387,96.0672268907563,115780,0,0.3804530174172696
163,19776,44349,0.554082391937,14473,4858,1.97920955126,55293,91917,0.398446424492,12018,11393,0.0548582462916,15153,3827,2.95949830154,0.5293647341759198,156344,156344,156344,100.39522998296422,116713,0,0.3831678861996623
164,19887,44443,0.552527957159,14654,6372,1.29974890144,55498,91917,0.396216151528,12056,11410,0.0566170026293,15545,4161,2.73588079789,0.5134899528120124,158303,158303,158303,101.4437627811861,117640,0,0.3860065823136643
165,19996,44484,0.550490063843,14818,6793,1.18136316797,55704,91917,0.393974999184,12128,11427,0.0613459350661,15567,4495,2.46318131257,0.5059139244324895,159116,159116,159116,102.98045602605863,118213,0,0.38706352598104526
166,20091,44523,0.548750084226,14983,7214,1.07693373995,55907,91917,0.391766484981,12190,11456,0.0640712290503,15553,4829,2.22074963761,0.4981211586917512,159939,159939,159939,103.65669700910273,118724,0,0.3876415383364908
167,20196,44626,0.547438712858,15160,7635,0.985592665357,56075,91917,0.389938749089,12255,11486,0.0669510708689,15539,5163,2.00968429208,0.4908504169076088,160827,160827,160827,104.32962447844228,119225,0,0.388243267610538
168,20305,44627,0.545006386268,15355,8057,0.90579620206,56288,91917,0.387621441083,12310,11516,0.0689475512331,15522,5497,1.8237220302,0.4830522108233198,161614,161614,161614,105.1016713091922,119780,0,0.3891370797084411
169,20409,44629,0.542696452979,15557,8478,0.834984666195,56517,91917,0.385130062992,12373,11546,0.0716265373289,15508,5831,1.65957811696,0.4753850037869225,162401,162401,162401,105.9150417827298,120364,0,0.39023774484147267
170,20499,44631,0.540700410029,15716,8899,0.766041128217,56725,91917,0.382867151887,12428,11576,0.073600552868,15492,6165,1.51289537713,0.46768144716523274,163188,163188,163188,106.60500695410292,120860,0,0.39068436404637596
171,20602,44633,0.538413281653,15885,9320,0.704399141631,56920,91917,0.380745672726,12486,11606,0.0758228502499,15551,6499,1.3928296661,0.46058850434517457,163975,163975,163975,107.36945812807882,121444,0,0.39219393200182956
172,20728,44715,0.536441909874,16062,9741,0.648906683092,57111,91917,0.378667711087,12569,11636,0.0801821931935,15539,6833,1.27411093224,0.45348272891617425,164842,164842,164842,108.07517730496454,122009,0,0.3930430351488092
173,20830,44765,0.534681112476,16230,10162,0.597126549892,57313,91917,0.376470076264,12623,11665,0.0821260180026,15534,7166,1.16773653363,0.4462532065791459,165675,165675,165675,108.81418439716312,122530,0,0.3935898596650068
174,20921,44781,0.53281525647,16420,10584,0.551398337113,57510,91917,0.374326838343,12695,11695,0.0855066267636,15518,7500,1.06906666667,0.43922583900478745,166477,166477,166477,109.57407407407408,123064,0,0.3945770286586135
175,21011,44839,0.531412386539,16618,11005,0.510040890504,57695,91917,0.372314152986,12778,11725,0.0898081023454,15498,7834,0.978299719173,0.43258426966292135,167320,167320,167320,110.22211808809747,123600,0,0.39563112598613437
176,21113,44857,0.529326526518,16815,11426,0.471643619814,57933,91917,0.369724860472,12858,11755,0.0938324117397,15563,8168,0.905362389814,0.4259678925548557,168123,168123,168123,110.86129334582942,124282,0,0.39773261243256425
177,21215,44876,0.527252874588,16996,11847,0.434624799527,58149,91917,0.367374914325,12935,11785,0.0975816716165,15552,8502,0.829216654905,0.4189857157233598,168927,168927,168927,111.47931034482758,124847,0,0.3987166053975978
178,21309,44895,0.5253591714,17194,12268,0.401532442126,58355,91917,0.365133761981,12998,11815,0.100126957258,15536,8836,0.758261656858,0.41216395355002916,169731,169731,169731,112.10574712643678,125392,0,0.3996382511149996
179,21397,45153,0.526122295307,17382,12690,0.369739952719,58532,91917,0.363208111666,13079,11845,0.104178978472,15529,9170,0.693456924755,0.4065349143610013,170775,170775,170775,112.71149425287356,125919,0,0.40019909237300544
180,21495,45154,0.523962439651,17603,13111,0.342613072992,58738,91917,0.360966959322,13143,11851,0.109020335837,15506,9504,0.631523569024,0.4000536327439561,171537,171537,171537,113.36206896551724,126485,0,0.4014177699271877
181,21624,45155,0.521116155465,17781,13532,0.313996452852,58933,91917,0.358845480161,13220,11858,0.114859166807,15491,9838,0.574608660297,0.39337782936738247,172300,172300,172300,114.00616860863605,127049,0,0.4023563551944283
182,21758,45157,0.51816994043,17981,13953,0.288683437254,59157,91917,0.356408498972,13291,11864,0.120279838166,15552,10172,0.528902870625,0.38710758509906795,173063,173063,173063,114.47909527073338,127739,0,0.4043729740036865
183,21872,45158,0.515656140662,18188,14374,0.265340197579,59388,91917,0.35389536212,13360,11871,0.12543172437,15534,10506,0.478583666476,0.3805299552425989,173826,173826,173826,114.89239204934887,128342,0,0.40552046299172734
184,21997,45159,0.512898868443,18391,14795,0.243055086178,59621,91917,0.351360466508,13444,11877,0.131935673992,15523,10538,0.473049914595,0.3764272517586037,174286,174286,174286,115.2786214953271,128976,0,0.4075829383886256
185,22122,45161,0.510152565266,18581,15217,0.221068541763,59843,91917,0.348945244079,13511,11884,0.136906765399,15508,10570,0.467171239357,0.3722024160367155,174749,174749,174749,115.62266355140187,129565,0,0.40923839335275164
186,22231,45254,0.508750607681,18799,15638,0.202135822995,60066,91917,0.34651914227,13583,11891,0.142292490119,15533,10603,0.464962746393,0.36882996868279494,175303,175303,175303,116.000693481276,130212,0,0.4114932431276133
187,22336,45348,0.507453470936,18983,16059,0.182078585217,60289,91917,0.34409304046,13663,11913,0.146898346344,15520,10635,0.459332393042,0.36503252365356625,175872,175872,175872,116.40221914008322,130791,0,0.4128741357350801
188,22463,45393,0.505143964929,19198,16480,0.164927184466,60526,91917,0.341514627327,13737,11936,0.150888069705,15501,10668,0.45303712036,0.36097032778892707,176394,176394,176394,116.84188626907074,131425,0,0.41455491683390594
189,22567,45451,0.503487272007,19444,16901,0.150464469558,60763,91917,0.338936214193,13810,11959,0.154778827661,15495,10700,0.448130841121,0.3573600560680051,176928,176928,176928,117.8801652892562,132079,0,0.4164631940676433
190,22696,45510,0.50129641837,19658,17323,0.134791895168,60964,91917,0.336749458751,13887,11982,0.158988482724,15537,10733,0.44759154011,0.3539345786493111,177465,177465,177465,119.19288389513109,132742,0,0.41847688276561573
191,22818,45569,0.499264851105,19873,17744,0.119984220018,61212,91917,0.334051372434,13961,12005,0.16293211162,15523,10765,0.441987923827,0.3499943820224719,178000,178000,178000,120.40074906367042,133387,0,0.4198820224719101
192,22952,45591,0.496567304951,20083,18165,0.105587668593,61391,91917,0.332103963358,14030,12028,0.166444961756,15509,10798,0.436284497129,0.34619801791606675,178499,178499,178499,121.4822429906542,133965,0,0.4212908755791349
193,23042,45613,0.494836998224,20289,18586,0.0916281071774,61615,91917,0.329666982169,14086,12051,0.168865654303,15495,10830,0.430747922438,0.3423297597166433,178997,178997,178997,123.41322314049587,134527,0,0.4221970200617887
194,23155,45635,0.492604360688,20524,19067,0.0764147479939,61816,91566,0.324902256296,14160,12081,0.172088403278,15511,10863,0.427874436159,0.3371091221569984,179212,179212,179212,125.17478510028653,135166,0,0.42469812289355624
195,23272,45658,0.490297428709,20758,19548,0.0618989154901,62032,91216,0.319943869497,14212,12112,0.173381770145,15492,10895,0.421936668196,0.33147930379147184,179429,179429,179429,126.88888888888889,135766,0,0.4268039168696253
196,23400,45682,0.487763232783,20936,20029,0.0452843377103,62266,90866,0.314749191117,14292,12142,0.177071322682,15510,10928,0.419289897511,0.3257555094156874,179647,179647,179647,128.79299363057325,136404,0,0.42896346724409534
197,23549,45707,0.484783512372,21131,20510,0.0302779132131,62503,90515,0.309473567917,14365,12173,0.180070648156,15495,10960,0.413777372263,0.31978428265643677,179865,179865,179865,130.68579234972677,137043,0,0.43085091596475134
198,23679,45732,0.482222513776,21333,20990,0.0163411148166,62740,90165,0.304164587146,14450,12203,0.184135048759,15508,10993,0.410715910125,0.31420511652960026,180083,180083,180083,134.59633027522935,137710,0,0.4328393018774676
199,23809,45803,0.480186887322,21558,21471,0.00405197708537,62949,89815,0.299125981184,14495,12234,0.18481281674,15492,11025,0.405170068027,0.30870871869940336,180348,180348,180348,136.2186046511628,138303,0,0.4346762925011644
200,23946,45875,0.478016348774,21765,21952,0.00851858600583,63134,89464,0.294308325136,14549,12265,0.186220953934,15514,11058,0.402966178332,0.3055466353660292,180614,180614,180614,138.64634146341464,138908,0,0.43628400899155106
201,24056,45947,0.476440246371,22000,22433,0.0193019212767,63356,89114,0.289045492291,14629,12303,0.189059578964,15498,11090,0.397475202885,0.30304001945966264,180887,180887,180887,140.3150406504065,139539,0,0.43820175026397695
202,24188,46019,0.474391012408,22258,22914,0.0286287858951,63586,88764,0.283651029697,14687,12341,0.19009804716,15522,11123,0.395486829093,0.3003405810301334,181161,181161,181161,141.73886639676113,140241,0,0.44066879736808695
203,24287,46036,0.472434616387,22472,23287,0.0349980675914,63788,88564,0.279752495371,14748,12379,0.191372485661,15509,11155,0.39031824294,0.2979974754851974,181421,181421,181421,142.8821138211382,140804,0,0.4424294872148208
204,24407,46054,0.470035176098,22677,23660,0.0415469146238,64036,88365,0.275323940474,14801,12417,0.191994845776,15502,11188,0.385591705399,0.29533145461350474,181684,181684,181684,144.13757700205338,141423,0,0.4440071772968451
205,24515,46072,0.467898072582,22889,24033,0.047601214996,64259,88165,0.271150683378,14875,12455,0.194299478121,15510,11220,0.382352941176,0.2930391052241062,181945,181945,181945,145.42008196721312,142048,0,0.4461293247959548
206,24620,46090,0.465827728358,23450,24406,0.0391706957306,64504,87966,0.266716685992,14939,12493,0.1957896422,15494,11252,0.376999644508,0.2885509338280088,182207,182207,182207,147.400826446281,143007,0,0.4514535665479372
207,24737,46108,0.463498742084,23520,24778,0.0507708451045,64732,87766,0.262447872753,14998,12531,0.19687175804,15513,11285,0.374656623837,0.28694346405945154,182468,182468,182468,148.42116182572613,143500,0,0.45204638621566523
208,24858,46161,0.461493468512,23598,25151,0.0617470478311,64981,87567,0.257928214967,15047,12569,0.197151722492,15496,11317,0.369267473712,0.28506004979071486,182765,182765,182765,149.416149068323,143980,0,0.4521434629168605
209,24985,46194,0.459128891198,23676,25524,0.0724024447579,65195,87368,0.253788572475,15112,12607,0.198699135401,15506,11350,0.366167400881,0.2834907644651803,183043,183043,183043,150.38615664845173,144474,0,0.4527788552416645
210,25117,46227,0.456659527981,23744,25894,0.0830308179501,65421,87219,0.249922608606,15185,12645,0.200869909055,15508,11382,0.362502196451,0.28207910910905454,183367,183367,183367,151.3652561247216,144975,0,0.45318405165596864
211,25223,46260,0.454755728491,23814,26263,0.0932490576096,65666,87070,0.245825198116,15238,12683,0.201450760861,15491,11415,0.357074025405,0.2804764523030524,183691,183691,183691,152.21994884910487,145432,0,0.452428262680262
212,25350,46293,0.452401010952,23880,26632,0.103334334635,65875,86922,0.242136628241,15300,12721,0.202735633991,15513,11447,0.355202236394,0.2792544086079939,184015,184015,184015,152.84143222506393,145918,0,0.4507893378257207
213,25465,46327,0.450320547413,23952,27001,0.112921743639,66097,86773,0.238276883362,15351,12759,0.203150717141,15502,11480,0.350348432056,0.277753064988608,184340,184340,184340,153.2995391705069,146367,0,0.44932732993381796
214,25572,46433,0.449270992613,24014,27371,0.122648058164,66318,86625,0.234424242424,15386,12798,0.202219096734,15522,11512,0.348332175122,0.2767309555643367,184739,184739,184739,153.70967741935485,146812,0,0.4479075885438375
215,25686,46631,0.449164718749,24067,27634,0.129080118694,66557,86684,0.232188177749,15437,12817,0.204416009987,15508,11545,0.343265482893,0.27641100636227744,185311,185311,185311,154.16976127320956,147255,0,0.4455860688248404
216,25818,46399,0.443565594086,24133,28038,0.139275269277,66773,86450,0.227611336032,15479,12837,0.205811326634,15491,11577,0.338084132331,0.27371142087738326,185301,185311,185301,154.75198938992042,147694,10,0.4441800098218574
217,25926,46167,0.438430047436,24192,28442,0.149426903875,67006,86217,0.222821485322,15533,12857,0.208135645952,15490,11610,0.334194659776,0.2712352868160157,185293,185311,185293,155.3527851458886,148147,18,0.4429093381833097
218,26026,45935,0.433416784587,24241,28845,0.159611717802,67215,85984,0.218284797172,15583,12877,0.210142113846,15490,11642,0.33052740079,0.2689723288159194,185283,185311,185283,155.89389920424404,148555,28,0.44175126698078077
219,26118,45703,0.428527667768,24297,29249,0.169304933502,67405,85751,0.21394502688,15636,12896,0.21246898263,15490,11675,0.326766595289,0.2668372248669538,185274,185311,185274,156.32840549102428,148946,37,0.44114662607813293
220,26250,45471,0.422708979349,24353,29653,0.178734023539,67633,85518,0.209137257653,15682,12916,0.214152988541,15490,11707,0.323140001708,0.2642431112190646,185265,185311,185265,156.81626187961984,149408,46,0.4402396567079589
221,26370,45240,0.417108753316,24414,29752,0.179416509814,67855,85572,0.207042023092,15739,12936,0.216682127396,15491,11740,0.319505962521,0.26170913409630747,185240,185311,185240,157.40308988764045,149869,71,0.4391438134312244
222,26472,45098,0.413011663488,24472,29951,0.182932122467,68055,85625,0.205197080292,15791,12956,0.218817536277,15496,11772,0.316343866803,0.26015900583596724,185402,185402,185402,157.98876404494382,150286,0,0.4375734889591267
223,26610,45120,0.410239361702,24537,30149,0.186142160602,68286,85678,0.202992600201,15840,12976,0.220715166461,15517,11805,0.314443032613,0.25892703308063403,185728,185728,185728,158.7198838896952,150790,0,0.4354109235010338
224,26708,45143,0.408368960858,24599,30325,0.188821104699,68499,85726,0.200954202926,15902,13014,0.221914860919,15504,11837,0.309791332263,0.2576957187777151,186045,186045,186045,159.33188405797102,151212,0,0.43348114703431967
225,26809,45166,0.406434043307,24654,31062,0.206297083253,68725,85168,0.193065470599,15939,13052,0.221192154459,15511,11870,0.306739679865,0.25620712974591825,186318,186318,186318,159.94927536231884,151638,0,0.4315149368284331
226,26913,45189,0.404434707562,24718,31799,0.222679958489,68960,84610,0.184966316038,15987,13090,0.221313980138,15498,11902,0.30213409511,0.25456884077388925,186590,186590,186590,160.53377483443708,152076,0,0.4293048930810869
227,27034,45212,0.402061399628,24781,31949,0.224357569877,69185,84652,0.18271275339,16042,13128,0.221968312005,15508,11934,0.299480475951,0.25311571906354513,186875,186875,186875,161.06227667177131,152550,0,0.4266541806020067
228,27136,46075,0.411047205643,24868,32493,0.234665928046,69400,84254,0.176300235004,16085,13166,0.221707428224,15501,11967,0.295312108298,0.2546939426990503,187955,187955,187955,161.2868810617662,152990,0,0.42105291160118113
229,27252,45989,0.407423514319,24916,33037,0.245815297999,69661,83857,0.169288192995,16122,13204,0.220993638291,15501,11999,0.291857654805,0.2524058143615155,188086,188086,188086,161.52271567126084,153452,0,0.41698478355645824
230,27378,45903,0.403568394223,25015,34026,0.264826897079,69920,83912,0.166746114978,16188,13237,0.222935710508,15561,12032,0.293301196809,0.2538628311564698,189110,189110,189110,161.83409903011741,154062,0,0.4109671619692243
231,27485,45818,0.400126587804,25075,34405,0.271181514315,70152,83687,0.161733602591,16243,13270,0.224039186134,15546,12064,0.288627320955,0.2518071907167466,189244,189244,189244,162.05825242718447,154501,0,0.40731013929107396
232,27604,45732,0.396396396396,25125,34783,0.277664376276,70390,83463,0.156632280172,16299,13303,0.225212358115,15532,12097,0.283954699512,0.24971221578008004,189378,189378,189378,162.28768523249872,154950,0,0.40347875677216993
233,27707,45647,0.393015970381,25195,35162,0.283459416415,70608,83239,0.151743773952,16346,13336,0.225704859028,15519,12129,0.27949542419,0.24767694036820692,189513,189513,189513,162.50485436893203,155375,0,0.4000200513948911
234,27808,45561,0.389653431663,25265,35162,0.281468630908,70868,83254,0.148773632498,16395,13369,0.226344528387,15507,12162,0.275037000493,0.24488148257593348,189508,189513,189508,162.74399591211036,155843,5,0.39645819701542945
235,27897,45476,0.386555545782,25341,35420,0.2845567476,71067,83270,0.146547376006,16434,13402,0.226234890315,15514,12194,0.272265048384,0.2435313708750962,189762,189762,189762,162.9535002554931,156253,0,0.3930923999536261
236,28011,45476,0.384048729,25396,35900,0.292590529248,71299,83302,0.144090177907,16487,13435,0.22716784518,15501,12227,0.267768054306,0.24323841546705896,190340,190340,190340,163.1786625829505,156694,0,0.38848376589261324
237,28127,45476,0.381497932976,25476,36594,0.30382029841,71543,83222,0.140335488212,16540,13468,0.228096228096,15538,12259,0.267476955706,0.24341557646098033,191019,191019,191019,163.4492087799898,157224,0,0.3836110543977301
238,28219,45476,0.379474887853,25529,36730,0.304955077593,71751,83259,0.138219291608,16580,13501,0.22805718095,15522,12292,0.262772534982,0.24195066350165745,191258,191258,191258,163.6416539050536,157601,0,0.38017756120005436
239,28310,45476,0.377473832351,25589,36866,0.305891607443,71976,83296,0.135900883596,16621,13534,0.228092212206,15507,12324,0.258276533593,0.24038622216652045,191496,191496,191496,163.8468606431853,158003,0,0.37660838868696994
240,28404,45476,0.375406807987,25651,37002,0.306767201773,72166,83334,0.134014927881,16669,13567,0.228643030884,15510,12357,0.255159019179,0.23911002628614345,191736,191736,191736,164.11931119311194,158400,0,0.3733727625485042
241,28498,45476,0.373339783622,25717,37115,0.307099555436,72370,83390,0.132150137906,16734,13600,0.230441176471,15498,12389,0.250948421987,0.23774027191748712,191970,191970,191970,164.63222632226322,158817,0,0.3700369849455644
242,28606,45565,0.372193569626,25789,37224,0.307194283258,72588,83424,0.129890678941,16782,13633,0.230983642632,15508,12422,0.248430204476,0.236466806748913,192268,192268,192268,165.19076549210206,159273,0,0.3663064056421245
243,28708,45655,0.371197021137,25854,37501,0.310578384576,72802,83364,0.126697375366,16837,13666,0.232035709059,15493,12454,0.244017986189,0.23549626245847177,192640,192640,192640,165.70230862697449,159694,0,0.3625207641196013
244,28804,45517,0.367181492629,25916,37779,0.314010429074,73043,83304,0.123175357726,16905,13699,0.234031681145,15499,12487,0.241210859294,0.23370472959654748,192786,192786,192786,166.25675675675674,160167,0,0.359144336206986
245,28908,45379,0.362965248243,25954,38056,0.318005045197,73282,83244,0.119672288693,16933,13732,0.23310515584,15495,12519,0.237718667625,0.23175244907479398,192930,192930,192930,166.71283783783784,160572,0,0.35580780593997824
246,29001,45241,0.358966424261,25998,38284,0.320917354508,73502,83313,0.117760733619,16946,13765,0.231093352706,15506,12552,0.235340981517,0.23023996272423702,193155,193155,193155,167.16010165184244,160953,0,0.3524578706220393
247,29091,45103,0.355009644591,26061,38513,0.323319398645,73715,83383,0.11594689565,16928,13798,0.226844470213,15508,12584,0.23235855054,0.228491940780118,193381,193381,193381,167.60482846251588,161303,0,0.3489277643615453
248,29211,44965,0.350361392194,26115,38643,0.324198431799,73925,83427,0.113895980917,16912,13831,0.222760465621,15499,12617,0.228421970357,0.2261025516453642,193483,193483,193483,168.06099110546378,161662,0,0.3453378332980159
249,29325,45018,0.348593895775,26177,38927,0.327536157423,74122,83349,0.110703187801,16893,13864,0.218479515291,15517,12649,0.226737291485,0.22479580200921534,193807,193807,193807,168.53367217280814,162034,0,0.34156145030881235
250,29431,45071,0.347008053959,26249,39211,0.330570503175,74338,83272,0.107286963205,16879,13902,0.214141850094,15501,12681,0.222379938491,0.22320835286421445,194137,194137,194137,168.9961880559085,162398,0,0.3376687596903218
251,29525,45090,0.345198491905,26303,39473,0.333645783194,74582,83288,0.104528863702,16864,13940,0.209756097561,15508,12714,0.219757747365,0.22189146808565333,194505,194505,194505,169.4841168996188,162782,0,0.3335646898537313
252,29635,45109,0.343035757831,26373,39735,0.336277840695,74767,83305,0.102490846888,16848,13978,0.205322649878,15497,12746,0.215832418013,0.22063087241434165,194873,194873,194873,169.9135959339263,163120,0,0.32992256495255884
253,29736,45128,0.34107427761,26435,39906,0.337568285471,74972,83335,0.10035399292,16857,14017,0.202611115075,15508,12779,0.213553486188,0.21927599723311045,195165,195165,195165,170.40660736975858,163508,0,0.32629313657674275
254,29817,45148,0.339572074068,26504,40076,0.33865655255,75213,83366,0.097797663316,16906,14055,0.202845962291,15492,12811,0.209273280774,0.21789047151277013,195456,195456,195456,170.94536213468868,163932,0,0.32252783235101506
255,29915,45236,0.338690423556,26557,40141,0.33840711492,75423,83397,0.0956149501781,16940,14093,0.202015184844,15504,12844,0.207100591716,0.21657443884094404,195711,195711,195711,171.41983852364476,164339,0,0.31931265999356195
256,30006,45298,0.337586648417,26613,40205,0.338067404552,75621,83429,0.0935885603327,16954,14131,0.19977354752,15506,12876,0.204255980118,0.21509245224278986,195939,195939,195939,171.83621683967704,164700,0,0.316338248128244
257,30098,45360,0.336463844797,26676,40270,0.337571393097,75835,83461,0.0913720180683,16936,14170,0.195201129146,15493,12909,0.200170423735,0.2132436152316868,196170,196170,196170,172.23529411764707,165038,0,0.3131008818881582
258,30185,45422,0.335454185197,26735,40449,0.339044228535,76044,83439,0.0886276201776,16922,14245,0.187925587926,15515,12941,0.19890271231,0.2116938767201368,196496,196496,196496,172.67106842737095,165401,0,0.3097823874277339
259,30292,45431,0.333230613458,26767,40628,0.341168652161,76256,83418,0.0858567695222,16904,14320,0.180446927374,15499,12974,0.194620009249,0.20974127285016592,196771,196771,196771,173.05361596009976,165718,0,0.306284970854445
260,30379,45441,0.331462775907,26826,40807,0.342612787022,76479,83396,0.0829416278958,16886,14396,0.17296471242,15515,13006,0.19291096417,0.20786516853932585,197046,197046,197046,173.51122194513715,166085,0,0.3027871664484435
261,30512,45450,0.328668866887,26893,40986,0.343849119211,76648,83375,0.0806836581709,16864,14471,0.165365213185,15495,13039,0.188358002914,0.20579157818985308,197321,197321,197321,173.91895261845386,166412,0,0.29937512986453546
262,30615,45460,0.326550813902,26938,41102,0.344606101893,76799,83372,0.0788394185098,16846,14546,0.158119070535,15499,13071,0.185754724199,0.2040485747984065,197551,197551,197551,174.26097271648874,166697,0,0.2966170760968054
263,30728,45545,0.325326600066,27011,41217,0.344663609676,76988,83370,0.0765503178601,16865,14622,0.153398987827,15517,13104,0.184142246642,0.20247349108956927,197858,197858,197858,174.7497034400949,167109,0,0.29339223079177995
264,30835,45631,0.324253248888,27062,41333,0.345268913459,77182,83368,0.074201132329,16907,14678,0.15185992642,15507,13136,0.18049634592,0.20112947018864877,198146,198146,198146,175.21544209215443,167493,0,0.2901143601182966
265,30931,45657,0.322535427207,27111,41422,0.34549273333,77378,83339,0.0715271361547,16936,14734,0.14945025112,15497,13169,0.176778798694,0.1993132346045048,198321,198321,198321,175.6637608966376,167853,0,0.2869993596240438
266,31030,45683,0.320753890944,27189,41511,0.34501698345,77565,83310,0.0689593086064,16927,14790,0.144489519946,15503,13201,0.174380728733,0.19727952845159827,198495,198495,198495,176.11318407960198,168214,0,0.2839466989092924
267,31147,45709,0.31858058588,27244,41600,0.345096153846,77762,83281,0.0662696173197,16913,14846,0.139229422067,15491,13234,0.170545564455,0.1951024311672623,198670,198670,198670,176.53980099502488,168557,0,0.28062113051794435
268,31238,45735,0.316978244233,27294,41689,0.345294921922,77960,83252,0.0635660404555,16900,14903,0.133999865799,15507,13266,0.168928086839,0.19322587945384595,198845,198845,198845,176.96517412935324,168899,0,0.2775428097261686
269,31339,45762,0.315174161968,27350,41778,0.345349226866,78145,83223,0.061016786225,16878,14959,0.128283976202,15495,13299,0.165125197383,0.1911557071866788,199021,199021,199021,177.34825870646767,169207,0,0.2744986709945182
270,31419,45817,0.314250169151,27416,42092,0.348664829421,78313,82907,0.0554114851581,16860,15015,0.122877122877,15497,13331,0.162478433726,0.18918769644811761,199162,199162,199162,177.7189054726368,169505,0,0.2718841947761119
271,31517,45579,0.308519274227,27465,42406,0.352332217139,78477,82591,0.0498117228269,16857,15071,0.1185057395,15493,13363,0.159395345357,0.1860861263253103,199010,199162,199010,178.07471264367817,169809,152,0.2697050399477413
272,31621,45644,0.307225484182,27525,42721,0.355703284099,78661,82275,0.0439258584017,16885,15128,0.116142252776,15491,13396,0.156389967154,0.1841949348275793,199164,199164,199164,178.43295019157088,170183,0,0.26752826816091263
273,31740,45759,0.306365960795,27583,42836,0.356078998973,78870,82150,0.0399269628728,16918,15168,0.115374472574,15507,13428,0.154825737265,0.18250635845109636,199341,199341,199341,178.84961685823754,170618,0,0.265088466497108
274,31845,45874,0.305815930592,27642,42951,0.356429419571,79039,82025,0.0364035355075,16936,15208,0.113624408206,15492,13461,0.150880320927,0.18084994411559802,199519,199519,199519,179.23490813648294,170954,0,0.26250131566417234
275,31943,45989,0.30542086151,27668,43066,0.357544234431,79251,81900,0.0323443223443,16919,15248,0.109588142707,15501,13493,0.148817905581,0.17913228106722218,199696,199696,199696,179.66535433070865,171282,0,0.25915892156077236
276,32066,46104,0.304485511019,27718,43182,0.35811217637,79415,81775,0.0288596759401,16906,15289,0.105762312774,15497,13526,0.145719355316,0.17735996317716984,199876,199876,199876,180.0851900393185,171602,0,0.25605875642898596
277,32149,46219,0.304420260066,27762,43297,0.358800840705,79604,81650,0.0250581751378,16889,15329,0.101767890926,15505,13558,0.143605251512,0.17574342799158224,200053,200053,200053,180.48754914809962,171909,0,0.2531179237502062
278,32256,46334,0.303837354858,27811,43412,0.359370680918,79771,81525,0.0215148727384,16875,15369,0.0979894593012,15504,13591,0.140754911338,0.17405896189900666,200231,200231,200231,180.89121887287024,172217,0,0.2501660582027758
279,32352,46449,0.30349415488,27872,43677,0.361860933672,79935,81566,0.0199960767967,16858,15410,0.0939649578196,15519,13623,0.139176392865,0.17375513762610537,200725,200725,200725,181.30930537352555,172536,0,0.2469647527712044
280,32436,46564,0.303410359935,27941,43941,0.364124621652,80112,81607,0.018319506905,16864,15504,0.0877192982456,15508,13656,0.135618043351,0.17307424778409317,201272,201272,201272,181.73525557011794,172861,0,0.24370503597122303
281,32535,46679,0.303005634225,27980,44172,0.366567056054,80288,81204,0.0112802325009,16888,15599,0.0826335021476,15495,13688,0.132013442431,0.17059530550009436,201342,201342,201342,182.16120576671037,173186,0,0.24089857059133216
282,32628,46794,0.302731119374,28022,44402,0.368902301698,80469,80801,0.00410886003886,16922,15693,0.0783151723698,15494,13721,0.129217987027,0.16821325548257046,201411,201411,201411,182.61861074705112,173535,0,0.23809523809523808
283,32728,46909,0.302308725405,28056,44632,0.37139272271,80632,80398,0.00291052016219,16935,15788,0.0726501140106,15493,13753,0.126517850651,0.16814572165971808,201480,201480,201480,183.0391304347826,173844,0,0.23540798094103632
284,32804,47024,0.302398775094,28113,44863,0.373358892629,80796,79995,0.0100131258204,16921,15883,0.0653528930303,15497,13786,0.12411141738,0.17127178728956938,201551,201551,201551,183.66304347826087,174131,0,0.2329484845026817
285,32898,47139,0.302106535989,28165,45093,0.375401947087,80942,79592,0.0169615036687,16905,15914,0.0622722131457,15490,13818,0.121001592126,0.1745519855524023,201556,201556,201556,184.2462203023758,174400,0,0.23056619500287762
286,33022,47167,0.299891873556,28207,45324,0.377658635601,81107,79189,0.0242205356805,16890,15945,0.0592662276576,15490,13851,0.11833080644,0.17750997637435725,201476,201556,201476,184.92872570194385,174716,80,0.22780380789771487
287,33105,47196,0.298563437579,28250,45554,0.379856873162,81244,78787,0.0311853478366,16877,15976,0.0563970956435,15490,13883,0.115753079306,0.18053983197282966,201396,201556,201396,185.39169675090253,174966,160,0.22607201731911258
288,33194,47224,0.297094697611,28297,45784,0.381945657872,81406,78384,0.038553786487,16865,16007,0.0536015493222,15490,13916,0.113107214717,0.18364751757196435,201315,201556,201315,185.90794223826714,175252,241,0.22415120582172218
289,33280,47253,0.295706092735,28328,46015,0.384374660437,81567,77981,0.0459855605853,16849,16038,0.0505674024193,15490,13948,0.110553484371,0.18684125524883843,201235,201556,201235,186.37082601054482,175514,321,0.22221780505379282
290,33377,47282,0.294086544562,28363,46245,0.386679641042,81725,77578,0.0534558766661,16855,16069,0.0489140581243,15490,13981,0.107932193691,0.1900474758270985,201155,201556,201155,186.89103690685414,175810,401,0.22024806741070319
291,33461,47299,0.292564324827,28408,46475,0.388746637977,81857,77175,0.0606673145449,16892,16100,0.0491925465839,15490,14013,0.105402126597,0.19325382220409626,201062,201556,201062,187.45210727969348,176108,494,0.21850971342173062
292,33550,47364,0.291656110126,28455,46706,0.390763499336,81994,76772,0.0680195904757,16931,16132,0.0495288866849,15490,14046,0.102805069059,0.19664709979106557,201020,201556,201020,188.04868913857678,176420,536,0.2165804397572381
293,33632,47430,0.29091292431,28502,46936,0.392747571161,82119,76369,0.0752923306577,16948,16163,0.0485677163893,15491,14167,0.09345662455,0.19939323104468704,201065,201556,201065,188.55805243445693,176692,491,0.21476636908462438
294,33724,47442,0.289153071118,28551,47166,0.394669889327,82267,75967,0.0829307462451,16922,16194,0.0449549215759,15490,14288,0.0841265397536,0.201748757814948,201057,201556,201057,189.048417132216,176954,499,0.21267103358749012
295,33811,47455,0.287514487409,28587,47223,0.394638205959,82435,75939,0.0855423431965,16904,16225,0.0418489984592,15492,14409,0.0751613574849,0.20143005500593786,201251,201556,201251,189.56052141527002,177229,305,0.21023498019885614
296,33891,47468,0.286024268981,28613,47362,0.395865884042,82589,75960,0.0872696155872,16890,16256,0.039000984252,15492,14530,0.0662078458362,0.2011697821169187,201576,201576,201576,190.01869158878506,177475,0,0.2078521252530063
297,33972,47481,0.284513805522,28655,47467,0.396317441591,82729,75965,0.0890410057263,16879,16287,0.0363480076134,15511,14651,0.0586990649102,0.20082635211121075,201851,201851,201851,190.5252336448598,177746,0,0.2056665560239979
298,34051,47494,0.28304627953,28707,47541,0.396163311668,82864,75996,0.0903731775357,16864,16318,0.033459982841,15494,14772,0.0488762523693,0.19994458764799303,202121,202121,202121,190.9626168224299,177980,0,0.20352660040272905
299,34118,47507,0.281832151051,28766,47615,0.395862648325,82932,76027,0.0908229970931,16852,16350,0.0307033639144,15508,14805,0.0474839581223,0.19944242328377096,202304,202304,202304,191.35270541082164,178176,0,0.2021067304650427
300,34179,47520,0.280744949495,28811,47753,0.396666178041,83011,76063,0.0913453321589,16852,16413,0.0267470907208,15519,14839,0.0458251903767,0.19917270519477956,202588,202588,202588,191.74549098196394,178372,0,0.20052520386202538
301,34266,47533,0.279111354217,28867,47892,0.39724797461,83092,76100,0.0918791064389,16888,16476,0.0250060694343,15497,14873,0.04195522087,0.1987440480298116,202874,202874,202874,192.22289156626505,178610,0,0.1986947563512328
302,34331,47546,0.277941362049,28907,48006,0.397846102571,83184,76066,0.0935766308206,16913,16540,0.0225513905683,15501,14907,0.0398470517207,0.1989461502474577,203065,203065,203065,192.67670682730923,178836,0,0.19706005466230025
303,34396,47559,0.276772009504,28969,48120,0.397984206151,83287,76032,0.0954203493266,16920,16603,0.0190929350117,15499,14941,0.037346897798,0.19898157486900692,203255,203255,203255,193.34418604651162,179071,0,0.19417972497601535
304,34464,47572,0.275540233751,29017,48234,0.398411908612,83385,75998,0.0971999263139,16908,16666,0.0145205808232,15499,14975,0.0349916527546,0.1989628646562953,203445,203445,203445,194.2811059907834,179273,0,0.1893435572267689
305,34520,47585,0.274561311338,29057,48348,0.39900306114,83503,75964,0.0992443789163,16895,16730,0.00986252241482,15508,15009,0.0332467186355,0.1991740163821721,203636,203636,203636,195.24770642201835,179483,0,0.1843534542025968
306,34587,47598,0.273351821505,29123,48548,0.400119469391,83589,75986,0.100057905404,16882,16793,0.005299827309,15517,15043,0.0315096722728,0.1990606369626608,203968,203968,203968,196.23394495412845,179698,0,0.17940559303420145
307,34658,47611,0.272058977967,29184,48616,0.399703801218,83672,76106,0.0994139752451,16856,16857,5.93225366317e-05,15504,15077,0.0283212840751,0.1976775494818057,204267,204267,204267,197.04128440366972,179874,0,0.17505519736423406
308,34746,47624,0.270409877373,29238,48684,0.39943307863,83770,76227,0.0989544387159,16854,16921,0.00395957685716,15512,15111,0.0265369598306,0.19717256448987372,204567,204567,204567,198.13962264150945,180120,0,0.1695434747539926
309,34826,47637,0.268929613536,29301,48781,0.399335806974,83881,76288,0.0995307256711,16901,16985,0.00494554018251,15497,15145,0.0232419940574,0.19684039914858717,204836,204836,204836,199.21804511278197,180406,0,0.16452186139155225
310,34908,47650,0.26740818468,29363,48879,0.399271670861,83960,76350,0.0996725605763,16933,17049,0.00680391811836,15510,15179,0.0218064431122,0.19655594397070797,205107,205107,205107,200.21978021978023,180674,0,0.16001404145153506
311,34975,47721,0.267094151422,29425,48977,0.399207791412,84041,76412,0.0998403392137,16943,17113,0.00993396832817,15498,15213,0.0187339775192,0.19656730076520182,205436,205436,205436,200.981684981685,180882,0,0.15625304231001383
312,35030,47792,0.26703213927,29485,49110,0.399613113419,84122,76363,0.101606799104,16924,17177,0.0147289980788,15508,15247,0.0171181215977,0.1976770755849851,205689,205689,205689,201.66423357664235,181069,0,0.15289101507615865
313,35103,47863,0.26659423772,29535,49244,0.400231500284,84254,76314,0.104043818959,16907,17255,0.0201680672269,15496,15281,0.0140697598325,0.19893472909393708,205957,205957,205957,202.51538461538462,181295,0,0.1488903023446642
314,35161,47934,0.266470563692,29582,49377,0.400895153614,84342,76265,0.105907034682,16890,17333,0.0255581838112,15514,15315,0.0129937969311,0.20020463185662193,206224,206224,206224,203.25855513307985,181489,0,0.14596749165955467
315,35219,47956,0.265597631162,29633,49511,0.401486538345,84445,76216,0.107969455232,16878,17411,0.0306128309689,15501,15355,0.00950830348421,0.20112957679620633,206449,206449,206449,203.96958174904944,181676,0,0.14299899733105997
316,35312,47978,0.263995998166,29687,49584,0.40127863827,84498,76250,0.108170491803,16856,17490,0.0362492853059,15510,15396,0.00740452065472,0.2010614519734105,206698,206698,206698,204.68582375478928,181863,0,0.14014649391866393
317,35388,48000,0.26275,29724,49657,0.401413697968,84599,76285,0.108986039195,16855,17568,0.040585154827,15495,15436,0.00382223373931,0.20116842074744137,206946,206946,206946,205.44274809160305,182061,0,0.13694393706570795
318,35449,48022,0.261817500312,29774,49729,0.401274910012,84687,76320,0.109630503145,16885,17646,0.0431259208886,15506,15477,0.0018737481424,0.20118825834724943,207194,207194,207194,206.360153256705,182301,0,0.13372974120872225
319,35536,48091,0.261067559419,29819,49802,0.401248945825,84786,76355,0.110418440181,16919,17725,0.0454724964739,15508,15517,0.000580009022363,0.2013783796809485,207490,207490,207490,207.33670033670035,182568,0,0.13014603113403056
320,35612,48160,0.260548172757,29875,49875,0.401002506266,84845,76390,0.110682026443,16930,17748,0.0460897002479,15493,15558,0.00417791489909,0.20163576933630512,207731,207731,207731,207.96632996632997,182755,0,0.12781433681058676
321,35692,48188,0.25931767245,29930,50011,0.401531663034,84913,76342,0.112271095858,16910,17771,0.0484497214563,15500,15598,0.00628285677651,0.20252513106632677,207910,207910,207910,208.6474820143885,182945,0,0.12519840315521139
322,35771,48217,0.258124727793,29962,50147,0.402516601192,85002,76295,0.114122812766,16896,17795,0.0505198089351,15505,15639,0.00856832278279,0.20361569106120822,208093,208093,208093,209.28703703703704,183136,0,0.12259422469761116
323,35839,48246,0.257161215438,30003,50283,0.403317224509,85110,76247,0.116240638976,16882,17818,0.052531148277,15504,15679,0.0111614261114,0.20483211938177295,208273,208273,208273,209.9104938271605,183338,0,0.12010678292433488
324,35949,48275,0.255328845158,30050,50419,0.403994525873,85210,76200,0.118241469816,16863,17841,0.0548175550698,15491,15720,0.0145674300254,0.20585737929049436,208455,208455,208455,210.60493827160494,183563,0,0.11721474658799261
325,36025,48318,0.254418643156,30093,50556,0.404759079041,85305,76153,0.120179113101,16841,17865,0.0573187797369,15503,15760,0.016307106599,0.2069905871978222,208652,208652,208652,211.23456790123456,183767,0,0.11477004773498457
326,36096,48362,0.25362888218,30139,50748,0.406104674076,85378,76078,0.122242961171,16848,17888,0.0581395348837,15491,15801,0.019619011455,0.20837622141260168,208877,208877,208877,211.80555555555554,183952,0,0.11263566596609488
327,36154,48406,0.253109118704,30200,50940,0.407145661563,85473,76004,0.124585548129,16885,17911,0.057283233767,15505,15841,0.0212107821476,0.20957714416887452,209102,209102,209102,212.62153846153845,184217,0,0.11014241853258218
328,36263,48409,0.250903757566,30234,51132,0.40870687632,85578,75929,0.127079245084,16920,17935,0.0565932534151,15506,15882,0.0236746001763,0.21063897900968526,209287,209287,209287,213.40350877192984,184501,0,0.10742664379536235
329,36334,48413,0.249499101481,30289,51324,0.409847244954,85696,75855,0.129734361611,16918,17958,0.0579129078962,15505,15922,0.0261901771134,0.21201879010082494,209472,209472,209472,214.00524475524475,184742,0,0.1053076306141155
330,36396,48417,0.248280562612,30316,51516,0.411522633745,85787,75781,0.132038373735,16897,17981,0.0602858572938,15504,15963,0.0287539936102,0.21353823846454703,209658,209658,209658,214.28146853146853,184900,0,0.1044272100277595
331,36472,48421,0.246773094319,30374,51708,0.412586060184,85890,75706,0.134520381476,16880,18005,0.0624826437101,15492,16004,0.0319920019995,0.21494062255770954,209844,209844,209844,214.6451048951049,185108,0,0.10351975753416824
332,36550,48292,0.243145862669,30431,51900,0.41366088632,85974,75632,0.136741061984,16853,18028,0.0651763922787,15491,16030,0.0336244541485,0.21567833353979857,209882,209882,209882,214.979020979021,185299,0,0.10276726922747068
333,36637,48164,0.239328128893,30485,52092,0.414785379713,86063,75557,0.139047341742,16860,18052,0.0660314646577,15492,16057,0.0351871457931,0.2162565143243681,209922,209922,209922,222.41411042944785,185537,0,0.0807014033783977
334,36703,48036,0.235927221251,30538,52284,0.415920740571,86161,75483,0.141462316018,16895,18084,0.0657487281575,15491,16084,0.0368689380751,0.21688233136957008,209971,209971,209971,223.18927444794951,185788,0,0.08021583933019322
335,36766,47908,0.232570760625,30581,52476,0.417238356582,86268,75409,0.144001379146,16927,18117,0.0656841640448,15495,16111,0.0382347464465,0.2176068107474967,210021,210021,210021,223.97476340694007,186037,0,0.07977773651206307
336,36840,47927,0.231330982536,30648,52798,0.419523466798,86351,75403,0.145193162076,16938,18150,0.0667768595041,15526,16137,0.037863295532,0.21865361309792553,210415,210415,210415,224.94505494505495,186303,0,0.082688971793836
337,36914,47946,0.230092187044,30710,53120,0.421875,86430,75397,0.146332082178,16916,18182,0.069629303707,15514,16164,0.0402128186093,0.22006176206898187,210809,210809,210809,225.61029411764707,186484,0,0.08603522620001992
338,36983,47965,0.228958615657,30773,53442,0.424179484301,86530,75391,0.1477497314,16892,18215,0.0726324457864,15499,16191,0.0427397937126,0.22161038616692866,211204,211204,211204,226.30526315789473,186677,0,0.08792920588625215
339,37038,47985,0.22813379181,30821,53764,0.426735361952,86629,75385,0.149154341049,16882,18248,0.0748575186322,15517,16218,0.0432235787397,0.2230671077504726,211600,211600,211600,227.01111111111112,186887,0,0.08806710775047259
340,37128,48004,0.226564452962,30865,53764,0.425916970464,86751,75379,0.150864299075,16866,18281,0.0774027679011,15501,16245,0.0457987072946,0.22348622639637555,211673,211673,211673,227.21851851851852,187111,0,0.08952488035791055
341,37185,48023,0.225683526643,30900,53764,0.425265977234,86855,75373,0.152335717034,16852,18313,0.079779391689,15494,16271,0.0477536721775,0.22395912044733263,211744,211744,211744,227.38055555555556,187286,0,0.09078415445065739
342,37259,48043,0.224465582915,30950,53857,0.425330040663,86936,75308,0.154405906411,16856,18346,0.0812166139758,15498,16298,0.049085777396,0.22472764005060136,211852,211852,211852,227.57777777777778,187499,0,0.09218699847063044
343,37324,48071,0.223565143226,30993,53950,0.425523632994,87030,75244,0.156637074052,16887,18379,0.0811796071603,15498,16325,0.0506584992343,0.2255471318919276,211969,211969,211969,227.7935185185185,187732,0,0.09398072359637494
344,37388,48100,0.222702702703,31042,54044,0.425616164607,87154,75179,0.15928650288,16915,18411,0.0812557710065,15499,16352,0.0521648727984,0.22650245655064455,212086,212086,212086,228.32824427480915,187998,0,0.09701724772026442
345,37474,48129,0.221384196638,31072,54137,0.426048728227,87279,75115,0.16193836118,16916,18444,0.0828453697679,15496,16379,0.0539104951462,0.22758760438069028,212204,212204,212204,229.1474609375,188237,0,0.10003110214699062
346,37513,48158,0.221043232692,31114,54230,0.42625852849,87397,75051,0.164501472332,16899,18477,0.08540347459,15494,16405,0.0555318500457,0.22887985644378087,212321,212321,212321,229.3232421875,188417,0,0.1007107163210422
347,37598,48187,0.219748064831,31158,54324,0.426441351889,87453,74604,0.172229371079,16881,18510,0.0880064829822,15491,16432,0.0572663096397,0.23189048227599182,212057,212321,212057,229.4833984375,188581,264,0.10098699877863028
348,37643,48216,0.219284055085,31194,54417,0.426760019847,87538,74157,0.180441495746,16869,18510,0.0886547811994,15490,16459,0.0588735646151,0.2351116127295652,211759,212321,211759,229.6328125,188734,562,0.10163912749871316
349,37718,48245,0.218198777075,31237,54510,0.426949183636,87654,73710,0.189173789174,16842,18510,0.090113452188,15490,16486,0.0604148974888,0.2383796539314578,211461,212321,211461,229.8349609375,188941,860,0.1023876743229248
350,37778,48258,0.21716606573,31276,54604,0.427221448978,87710,73263,0.197193672113,16849,18510,0.089735278228,15490,16513,0.0619511899715,0.24124784511338018,211148,212321,211148,229.9931640625,189103,1173,0.10296095629605774
351,37842,48272,0.216067285383,31326,54730,0.427626530239,87780,73147,0.200049215962,16873,18510,0.0884386817936,15490,16539,0.0634258419493,0.24220399814392182,211198,212321,211198,231.5,189311,1123,0.10607108021856268
352,37906,48286,0.214969142194,31378,54856,0.427993291527,87885,73032,0.203376602037,16903,18510,0.0868179362507,15490,16566,0.0649523119643,0.2432852071005917,211250,212321,211250,233.39357429718876,189562,1071,0.10903668639053254
353,37996,48300,0.213333333333,31418,54982,0.428576625077,87978,72916,0.206566460036,16919,18510,0.0859535386278,15490,16593,0.066473814259,0.2443149819451872,211301,212321,211301,235.0674740484429,189801,1020,0.10898670616797838
354,38071,48350,0.21259565667,31465,55109,0.429040628572,88060,72801,0.209598769248,16915,18510,0.0861696380335,15491,16620,0.0679302045728,0.2455461469322106,211390,212321,211390,235.4152249134948,190002,931,0.10936657363167605
355,38146,48400,0.211859504132,31498,55109,0.428441815311,88176,72685,0.213125128981,16894,18367,0.0801981815212,15490,16647,0.0695020123746,0.24613650998068254,211208,212321,211208,235.76470588235293,190204,1113,0.11002897617514489
356,38212,48450,0.211310629515,31543,55109,0.427625251774,88288,72570,0.216590877773,16877,18224,0.0739135206321,15492,16673,0.0708330834283,0.2466520713087487,211026,212321,211026,236.1060382916053,190412,1295,0.11084416138295755
357,38295,48444,0.209499628437,31585,55109,0.426863125805,88395,72454,0.220015458084,16860,18082,0.0675810197987,15490,16700,0.0724550898204,0.24691041752653128,210789,212321,210789,236.419734904271,190625,1532,0.1118464435999981
358,38364,48438,0.207977207977,31640,55109,0.425865103704,88475,72339,0.223060866199,16855,17939,0.06042700262,15490,16727,0.0739522927004,0.24696986967589954,210552,212321,210552,236.71281296023565,190824,1769,0.11272749724533607
359,38425,48433,0.206635971342,31698,55109,0.424812644033,88579,72223,0.226465253451,16876,17797,0.0517502949935,15490,16754,0.0754446699296,0.2470568097529432,210316,212321,210316,237.20502092050208,191068,2005,0.11388101713611898
360,38471,48427,0.205587791934,31737,55109,0.424104955633,88693,72108,0.230002218894,16906,17654,0.0423700011329,15490,16781,0.0769322448007,0.24729744524678812,210079,212321,210079,238.1638655462185,191297,2242,0.1144379019321303
361,38517,48422,0.20455578043,31780,55118,0.423418846838,88799,71854,0.235825423776,16907,17512,0.0345477386935,15494,16807,0.0781222109835,0.2484633761378646,209713,212321,209713,239.00416666666666,191497,2608,0.1148808133019889
362,38554,48416,0.203692994052,31817,55127,0.422841801658,88901,71601,0.241616737196,16889,17521,0.0360710005137,15490,16834,0.0798384222407,0.2503496436737168,209499,212321,209499,239.64583333333334,191651,2822,0.11512704117919417
363,38623,48411,0.202185453719,31840,55136,0.422518862449,88987,71348,0.247224869653,16873,17531,0.0375335120643,15492,16861,0.081193286282,0.25204623316307273,209287,212321,209287,240.33760683760684,191815,3034,0.11518632308743496
364,38689,48424,0.201036676028,31867,55145,0.42212349261,89069,71095,0.252816653773,16856,17540,0.0389965792474,15490,16888,0.082780672667,0.2538069366594609,209092,212321,209092,241.00335570469798,191971,3229,0.11512635586249115
365,38739,48437,0.200218840969,31907,55140,0.421345665579,89158,70897,0.257570842208,16852,17550,0.0397720797721,15490,16915,0.0842447531777,0.255170169283858,208939,212321,208939,241.59060402684563,192146,3382,0.11546432212272481
366,38796,48450,0.199256965944,31951,55135,0.420495148272,89248,70699,0.262365804325,16869,17559,0.0392960874765,15495,16924,0.0844363034744,0.25629529571244497,208767,212321,208767,242.24462365591398,192359,3554,0.1162252654873615
367,38858,48463,0.198192435466,31987,55131,0.419800112459,89317,70501,0.26688983135,16892,17569,0.0385337810917,15490,16934,0.0852722333766,0.25736584243377214,208598,212321,208598,242.74193548387098,192544,3723,0.11712959855799193
368,38905,48476,0.197437907418,32012,55126,0.419293981062,89421,70303,0.27193718618,16918,17578,0.0375469336671,15490,16943,0.0857581302013,0.25868173836277625,208426,212321,208426,243.72602739726028,192746,3895,0.11842092637194976
369,38958,48489,0.196560044546,32052,55122,0.418526178295,89514,70006,0.278661828986,16913,17588,0.0383784398453,15490,16953,0.0862974104878,0.26060492510496835,208158,212321,208158,244.97916666666666,192927,4163,0.11935164634556443
370,39001,48503,0.195905407913,32103,55117,0.417548124898,89603,69710,0.285367952948,16893,17597,0.0400068193442,15490,16962,0.0867822190779,0.26256800504115174,207889,212321,207889,245.7111111111111,193090,4432,0.11924632856957318
371,39057,48518,0.194999793891,32145,55113,0.416743780959,89720,69413,0.29255326812,16872,17607,0.0417447606066,15491,16972,0.087261371671,0.26467202573895954,207623,212321,207623,246.57522123893804,193285,4698,0.11921607914344749
372,39110,48532,0.1941399489,32188,55108,0.415910575597,89795,69117,0.299173864606,16854,17616,0.0432561307902,15490,16981,0.0878040162535,0.2665634615199128,207354,212321,207354,247.54901960784315,193437,4967,0.11876790416389363
373,39153,48547,0.193503203082,32222,55104,0.41525116144,89866,68820,0.305812263877,16852,17626,0.0439124021332,15490,16991,0.0883408863516,0.2684704087151356,207088,212321,207088,248.30864197530863,193583,5233,0.11914741559143939
374,39215,48562,0.192475598204,32263,55099,0.414453982831,89922,68524,0.312270153523,16854,17635,0.0442869294018,15490,17000,0.0888235294118,0.270147954743255,206820,212321,206820,248.80555555555554,193744,5501,0.11992553911613964
375,39261,48622,0.192526017029,32311,55095,0.413540248661,90004,68260,0.318546733079,16871,17645,0.0438651175971,15490,17010,0.0893592004703,0.2718988346432305,206632,212321,206632,249.3939393939394,193937,5689,0.1210412714390801
376,39309,48682,0.192535228627,32351,55090,0.412760936649,90079,67997,0.324749621307,16892,17654,0.0431630225445,15490,17019,0.0898407662025,0.2736119588068319,206442,212321,206442,249.95151515151514,194121,5879,0.12212631150637951
377,39339,48742,0.192913708916,32387,55086,0.412064771448,90185,67734,0.331458351788,16906,17664,0.0429121376812,15490,17029,0.0903752422338,0.27562968170468594,206255,212321,206255,250.46195652173913,194307,6066,0.12301277544786793
378,39376,48767,0.192568745258,32418,55081,0.411448593889,90268,67471,0.337878495946,16897,17673,0.0439087874158,15490,17038,0.0908557342411,0.2775081298839975,206030,212321,206030,250.84782608695653,194449,6291,0.12354026112702034
379,39408,48793,0.192343163978,32456,55077,0.410715906821,90333,67208,0.344081061778,16879,17683,0.0454673980659,15490,17048,0.0913890192398,0.27935124314291404,205809,212321,205809,251.16576086956522,194566,6512,0.12385755724968296
380,39438,48819,0.192158790635,32498,55072,0.409899767577,90439,66945,0.350944805437,16865,17692,0.0467442912051,15493,17057,0.0916925602392,0.28134348323078046,205585,212321,205585,251.6195652173913,194733,6736,0.12453243184084442
381,39483,48845,0.191667519705,32528,55068,0.409312123193,90522,66792,0.355282069709,16853,17702,0.0479606824088,15490,17067,0.092400539052,0.2825564304972892,205474,212321,205474,252.01027397260273,194876,6847,0.12492091456826654
382,39509,48871,0.191565550122,32549,55063,0.408877104408,90631,66639,0.360029412206,16849,17712,0.048724028907,15490,17076,0.0928788943546,0.28397310102697204,205361,212321,205361,252.53082191780823,195028,6960,0.12549607763888956
383,39564,48897,0.190870605559,32581,55059,0.408252965001,90707,66486,0.364302259122,16869,17754,0.0498479215951,15492,17086,0.0932927543018,0.2850274256875907,205282,212321,205282,253.16494845360825,195213,7039,0.1258804960980505
384,39597,48923,0.19062608589,32633,55054,0.40725469539,90792,66333,0.368730496133,16882,17796,0.0513598561474,15490,17095,0.0938871014917,0.286182815873217,205201,212321,205201,253.786941580756,195394,7120,0.12625182138488603
385,39634,48915,0.189737299397,32672,55050,0.406503178928,90858,66181,0.372871367915,16890,17838,0.0531449714094,15490,17105,0.0944168371821,0.2871875137135585,205089,212321,205089,254.34509803921569,195544,7232,0.1264914256737319
386,39674,48908,0.188803467735,32707,55059,0.405964510798,90944,66069,0.376500325417,16893,17880,0.0552013422819,15490,17114,0.0948930700012,0.28811393454616396,205030,212321,205030,254.98823529411766,195708,7291,0.12674730527239916
387,39714,48901,0.187869368725,32743,55068,0.405407859374,90995,65958,0.379590042148,16873,17922,0.0585314139047,15488,17124,0.0955384256015,0.28898440282378657,204973,212321,204973,255.44736842105263,195813,7348,0.12661667634273782
388,39750,48894,0.187016811879,32765,55077,0.405105579461,91061,65847,0.382917976521,16863,17964,0.061289245157,15493,17133,0.095721706648,0.28992997096357026,204915,212321,204915,255.96929824561403,195932,7406,0.12672571554059
389,39789,49037,0.188592287456,32785,55086,0.404839705188,91135,65736,0.386378848728,16846,18007,0.0644749264175,15490,17143,0.096424196465,0.2915091532566863,205009,212321,205009,256.45887445887445,196045,7312,0.126701754557117
390,39813,49181,0.190480063439,32809,55095,0.404501315909,91216,65625,0.389958095238,16852,18041,0.0659054376143,15490,17152,0.0968983208955,0.2930168605614986,205094,212321,205094,257.03067484662574,196180,7227,0.12691741347869756
391,39865,49325,0.191789153573,32838,55104,0.404072299652,91297,65514,0.393549470342,16879,18076,0.066220402744,15490,17162,0.0974245425941,0.29426701302752206,205181,212321,205181,257.61042944785277,196369,7140,0.12743870046446795
392,39921,49327,0.190686642204,32861,55113,0.403752290748,91376,65529,0.394436051214,16896,18110,0.0670347874103,15492,17171,0.0977811426242,0.2942655298416565,205250,212321,205250,258.1818181818182,196546,7071,0.12786845310596834
393,39952,49330,0.190107439692,32891,55122,0.403305395305,91469,65544,0.395535823264,16893,18145,0.068999724442,15488,17181,0.0985390838717,0.29455684242312075,205322,212321,205322,258.7163636363636,196693,6999,0.12820837513758876
394,39985,49333,0.189487766809,32931,55132,0.402688094029,91529,65559,0.396131728672,16875,18180,0.0717821782178,15490,17190,0.0988947062245,0.29467267787764007,205394,212321,205394,259.14181818181817,196810,6927,0.12824133129497453
395,40013,49336,0.188969515161,32955,55132,0.402252775158,91607,65563,0.397236246053,16857,18214,0.0745031294609,15489,17200,0.099476744186,0.2950278663389228,205445,212321,205445,259.54545454545456,196921,6876,0.12844800311518897
